timeStamp,elapsed,label,responseCode,responseMessage,threadName,dataType,success,failureMessage,bytes,sentBytes,grpThreads,allThreads,URL,Latency,IdleTime,Connect
1618566908432,666,Add,200,OK,SoapRequest 1-4,text,true,,586,433,10,10,http://www.dneonline.com/calculator.asmx,661,0,376
1618566908316,782,Add,200,OK,SoapRequest 1-2,text,true,,586,433,10,10,http://www.dneonline.com/calculator.asmx,777,0,488
1618566908332,766,Add,200,OK,SoapRequest 1-3,text,true,,586,433,10,10,http://www.dneonline.com/calculator.asmx,761,0,477
1618566908925,562,Add,200,OK,SoapRequest 1-9,text,true,,586,433,10,10,http://www.dneonline.com/calculator.asmx,561,0,282
1618566908726,567,Add,200,OK,SoapRequest 1-7,text,true,,586,433,10,10,http://www.dneonline.com/calculator.asmx,567,0,279
1618566908316,782,Add,200,OK,SoapRequest 1-1,text,true,,586,433,10,10,http://www.dneonline.com/calculator.asmx,777,0,491
1618566908829,563,Add,200,OK,SoapRequest 1-8,text,true,,586,433,10,10,http://www.dneonline.com/calculator.asmx,562,0,283
1618566908628,565,Add,200,OK,SoapRequest 1-6,text,true,,586,433,10,10,http://www.dneonline.com/calculator.asmx,565,0,279
1618566909618,277,Subtract,200,OK,SoapRequest 1-2,text,true,,606,448,10,10,http://www.dneonline.com/calculator.asmx,277,0,0
1618566909618,278,Subtract,200,OK,SoapRequest 1-1,text,true,,606,448,10,10,http://www.dneonline.com/calculator.asmx,278,0,0
1618566909620,278,Subtract,200,OK,SoapRequest 1-9,text,true,,606,448,10,10,http://www.dneonline.com/calculator.asmx,278,0,0
1618566909621,279,Subtract,200,OK,SoapRequest 1-7,text,true,,606,448,10,10,http://www.dneonline.com/calculator.asmx,279,0,0
1618566909619,283,Subtract,200,OK,SoapRequest 1-4,text,true,,606,448,10,10,http://www.dneonline.com/calculator.asmx,283,0,0
1618566909621,283,Subtract,200,OK,SoapRequest 1-6,text,true,,606,448,10,10,http://www.dneonline.com/calculator.asmx,283,0,0
1618566909620,278,Subtract,200,OK,SoapRequest 1-8,text,true,,606,448,10,10,http://www.dneonline.com/calculator.asmx,278,0,0
1618566909618,285,Subtract,200,OK,SoapRequest 1-3,text,true,,606,448,10,10,http://www.dneonline.com/calculator.asmx,285,0,0
1618566909898,278,Multipy,200,OK,SoapRequest 1-2,text,true,,607,448,10,10,http://www.dneonline.com/calculator.asmx,278,0,0
1618566909899,279,Multipy,200,OK,SoapRequest 1-1,text,true,,607,448,10,10,http://www.dneonline.com/calculator.asmx,279,0,0
1618566909905,284,Multipy,200,OK,SoapRequest 1-7,text,true,,607,448,10,10,http://www.dneonline.com/calculator.asmx,284,0,0
1618566909906,285,Multipy,200,OK,SoapRequest 1-6,text,true,,607,448,10,10,http://www.dneonline.com/calculator.asmx,285,0,0
1618566909906,286,Multipy,200,OK,SoapRequest 1-4,text,true,,607,448,10,10,http://www.dneonline.com/calculator.asmx,286,0,0
1618566909907,281,Multipy,200,OK,SoapRequest 1-9,text,true,,607,448,10,10,http://www.dneonline.com/calculator.asmx,281,0,0
1618566909908,289,Multipy,200,OK,SoapRequest 1-3,text,true,,607,448,10,10,http://www.dneonline.com/calculator.asmx,289,0,0
1618566909906,282,Multipy,200,OK,SoapRequest 1-8,text,true,,607,448,10,10,http://www.dneonline.com/calculator.asmx,282,0,0
1618566910179,279,Divide,200,OK,SoapRequest 1-2,text,true,,598,443,10,10,http://www.dneonline.com/calculator.asmx,279,0,0
1618566910182,278,Divide,200,OK,SoapRequest 1-1,text,true,,598,443,10,10,http://www.dneonline.com/calculator.asmx,278,0,0
1618566910195,280,Divide,200,OK,SoapRequest 1-9,text,true,,598,443,8,8,http://www.dneonline.com/calculator.asmx,280,0,0
1618566910195,283,Divide,200,OK,SoapRequest 1-4,text,true,,598,443,8,8,http://www.dneonline.com/calculator.asmx,283,0,0
1618566910194,281,Divide,200,OK,SoapRequest 1-6,text,true,,598,443,8,8,http://www.dneonline.com/calculator.asmx,281,0,0
1618566910191,284,Divide,200,OK,SoapRequest 1-7,text,true,,598,443,8,8,http://www.dneonline.com/calculator.asmx,284,0,0
1618566910202,281,Divide,200,OK,SoapRequest 1-8,text,true,,598,443,7,7,http://www.dneonline.com/calculator.asmx,281,0,0
1618566910201,283,Divide,200,OK,SoapRequest 1-3,text,true,,598,443,5,5,http://www.dneonline.com/calculator.asmx,283,0,0
1618566908529,3578,Add,200,OK,SoapRequest 1-5,text,true,,586,433,2,2,http://www.dneonline.com/calculator.asmx,3578,0,3299
1618566912110,278,Subtract,200,OK,SoapRequest 1-5,text,true,,606,448,2,2,http://www.dneonline.com/calculator.asmx,278,0,0
1618566909024,3584,Add,200,OK,SoapRequest 1-10,text,true,,586,433,2,2,http://www.dneonline.com/calculator.asmx,3584,0,3297
1618566912391,279,Multipy,200,OK,SoapRequest 1-5,text,true,,607,448,2,2,http://www.dneonline.com/calculator.asmx,279,0,0
1618566912610,288,Subtract,200,OK,SoapRequest 1-10,text,true,,606,448,2,2,http://www.dneonline.com/calculator.asmx,288,0,0
1618566912682,279,Divide,200,OK,SoapRequest 1-5,text,true,,598,443,2,2,http://www.dneonline.com/calculator.asmx,279,0,0
1618566912901,289,Multipy,200,OK,SoapRequest 1-10,text,true,,607,448,1,1,http://www.dneonline.com/calculator.asmx,289,0,0
1618566913193,288,Divide,200,OK,SoapRequest 1-10,text,true,,598,443,1,1,http://www.dneonline.com/calculator.asmx,288,0,0
